x_m,y_m
221.52,-30.19
223.17,-30.04
225.37,-29.83
228.10,-29.50
230.87,-29.13
233.54,-28.56
236.22,-27.90
238.89,-27.12
241.56,-26.40
244.22,-25.95
246.89,-25.85
249.55,-26.06
252.22,-26.46
254.88,-26.81
257.55,-26.94
260.23,-26.71
262.91,-26.33
265.58,-25.93
268.27,-25.62
270.94,-25.49
273.61,-25.69
276.30,-26.13
278.98,-26.75
281.65,-27.55
284.32,-28.55
287.00,-29.58
289.66,-30.57
292.32,-31.07
294.91,-30.73
297.54,-29.55
300.19,-28.00
302.88,-26.37
305.57,-25.29
308.33,-25.25
311.04,-26.13
313.73,-27.42
316.40,-28.34
319.04,-28.48
321.70,-27.78
324.36,-26.52
327.05,-25.01
329.71,-23.88
332.41,-23.47
335.10,-23.70
337.79,-24.43
340.46,-25.35
343.13,-26.29
345.79,-27.05
348.45,-27.77
351.12,-28.20
353.79,-28.50
356.46,-28.76
359.14,-29.03
361.81,-29.25
364.48,-29.52
367.16,-29.77
369.83,-30.04
372.51,-30.30
375.18,-30.49
377.86,-30.49
380.52,-30.23
383.20,-29.61
385.88,-28.76
388.55,-27.62
391.22,-26.34
393.88,-25.14
396.54,-24.19
399.22,-23.59
401.91,-23.59
404.59,-24.29
407.26,-25.54
409.93,-26.95
412.59,-28.27
415.25,-29.28
417.92,-29.86
420.60,-30.05
423.28,-30.07
425.95,-30.00
428.64,-29.85
431.31,-29.58
433.97,-29.20
436.64,-28.73
439.30,-28.17
441.97,-27.52
444.64,-26.85
447.33,-26.40
450.00,-26.35
452.67,-26.67
455.36,-27.17
458.04,-27.58
460.70,-27.69
463.38,-27.32
466.07,-26.92
468.72,-26.79
471.38,-27.02
474.05,-27.43
476.73,-27.89
479.41,-28.05
482.09,-27.82
484.77,-27.24
487.44,-26.59
490.10,-25.96
492.77,-25.36
495.44,-24.96
498.12,-24.84
500.80,-25.04
503.47,-25.62
506.14,-26.51
508.81,-27.45
511.48,-28.21
514.15,-28.61
516.82,-28.49
519.48,-27.85
522.15,-26.94
524.82,-26.08
527.49,-25.38
530.17,-24.93
532.85,-24.74
535.53,-24.72
538.20,-24.72
540.88,-24.72
543.55,-24.72
546.22,-24.72
548.90,-24.72
551.57,-24.76
554.24,-24.89
556.91,-25.14
559.60,-25.79
562.18,-27.02
564.82,-28.61
567.48,-30.20
570.15,-31.77
572.81,-32.99
575.57,-33.63
578.28,-33.87
580.97,-33.91
583.67,-33.69
586.29,-32.88
588.35,-31.20
589.84,-28.98
591.27,-26.51
592.99,-24.23
594.78,-22.59
597.14,-21.88
600.06,-21.83
603.03,-22.24
605.70,-22.64
608.35,-22.98
611.02,-23.30
613.70,-23.60
616.38,-24.09
619.06,-24.90
621.74,-26.19
624.41,-27.88
627.06,-29.69
629.71,-31.16
632.37,-32.22
635.07,-32.79
637.75,-33.12
640.44,-33.63
643.05,-34.82
645.28,-36.85
646.94,-39.44
648.07,-42.38
648.58,-45.43
648.28,-48.42
647.22,-51.11
645.42,-53.50
642.95,-55.25
640.03,-56.35
636.92,-56.79
633.93,-56.31
631.25,-54.93
628.58,-53.74
625.90,-52.73
623.23,-51.95
620.51,-51.66
617.70,-52.05
615.03,-52.35
612.37,-52.60
609.69,-52.74
607.03,-52.78
604.33,-52.59
601.67,-52.10
599.00,-51.31
596.33,-50.38
593.64,-49.48
590.98,-49.02
588.31,-49.23
585.64,-50.06
582.97,-51.13
580.31,-52.05
577.65,-52.46
574.98,-52.37
572.29,-51.81
569.60,-51.31
566.92,-51.20
564.27,-51.71
561.59,-52.50
558.92,-53.29
556.26,-53.84
553.61,-53.97
550.90,-53.52
548.23,-52.78
545.57,-51.99
542.88,-51.11
540.19,-50.21
537.54,-49.35
534.88,-48.50
532.20,-47.81
529.54,-47.36
526.87,-47.29
524.19,-47.61
521.50,-48.31
518.83,-49.26
516.17,-50.36
513.49,-51.43
510.82,-52.42
508.15,-53.10
505.48,-53.37
502.79,-53.25
500.13,-52.77
497.46,-51.90
494.77,-50.91
492.10,-49.89
489.44,-48.88
486.76,-48.02
484.09,-47.42
481.42,-47.14
478.75,-47.33
476.06,-48.06
473.39,-49.13
470.70,-50.35
468.03,-51.56
465.35,-52.52
462.69,-53.20
460.02,-53.61
457.35,-53.97
454.69,-54.34
452.01,-54.74
449.34,-55.14
446.67,-55.57
444.01,-55.99
441.32,-56.36
438.66,-56.74
435.98,-57.03
433.30,-57.26
430.63,-57.40
427.96,-57.46
425.29,-57.46
422.61,-57.46
419.93,-57.34
417.27,-57.11
414.60,-56.76
411.91,-56.32
409.24,-55.72
406.57,-55.14
403.88,-54.50
401.21,-53.85
398.56,-53.12
395.89,-52.52
393.21,-52.09
390.54,-52.04
387.88,-52.34
385.18,-52.82
382.51,-53.19
379.86,-53.26
377.19,-53.00
374.50,-52.52
371.83,-52.16
369.16,-52.14
366.50,-52.49
363.81,-52.98
361.15,-53.28
358.48,-53.20
355.81,-52.73
353.13,-52.10
350.47,-51.57
347.79,-51.37
345.11,-51.60
342.41,-52.15
339.75,-52.84
337.08,-53.59
334.40,-54.34
331.75,-55.05
329.09,-55.79
326.41,-56.44
323.73,-56.91
321.06,-57.24
318.38,-57.43
315.72,-57.41
313.03,-57.31
310.36,-57.18
307.69,-57.04
305.01,-56.91
302.33,-56.82
299.67,-56.79
297.00,-56.79
294.33,-56.79
291.65,-56.79
288.97,-56.90
286.29,-57.03
283.61,-57.18
280.94,-57.45
278.27,-57.72
275.62,-58.00
272.94,-58.26
270.37,-58.51
268.32,-58.65
266.80,-58.78
