Place,CarNum,Team,AdjustedCost_USD,PriceScore_30,CostAccuracy_15,EngDrawings_15,Scenario_40,Penalty,Score
1,18,Univ of Georgia,"$15,025",24.4,15,15,40,,94.38
2,92,Washington State Univ,"$14,755",24.6,14,15,39,,92.62
3,11,Escola de Engenharia de Sao Carlos,"$13,065",26.1,13,12,39.5,,90.65
4,4,Kansas State Univ,"$19,050",20.7,15,15,39,,89.75
5,118,Univ of Calif - Berkeley,"$22,556",17.6,14,15,40,,86.59
6,20,Brown Univ,"$14,974",24.4,13,15,34,,86.43
7,125,Washington Univ - St Louis,"$23,370",16.9,14,15,40,,85.85
8,102,Duke Univ,"$17,515",22.1,15,14,34,,85.13
9,61,Univ of Connecticut,"$19,480",20.4,15,15,34,,84.36
10,1,Universidad Politecnica de Valencia,"$24,118",16.2,14,15,38.5,,83.68
11,111,Univ of Maryland - College Park,"$22,191",17.9,15,14,36,,82.92
12,51,Univ of Central Florida,"$21,578",18.5,14,14,36,,82.47
13,2,Texas A&M Univ,"$20,750",19.2,13,12,38,,82.22
14,29,Oakland University,"$15,903",23.6,11,12,35.5,,82.09
15,91,California State Univ - Northridge,"$18,614",21.1,14,13,33.5,,81.64
16,100,Univ of Kentucky,"$19,644",20.2,11,15,35,,81.21
17,10,Univ of North Carolina - Charlotte,"$20,869",19.1,11,15,36,,81.11
18,14,Virginia Tech,"$22,393",17.7,13,12,38,,80.73
19,3,Georgia Institute of Technology,"$20,775",19.2,15,13,33.5,,80.69
20,88,Univ of Texas - Austin,"$23,148",17.1,15,14,34.5,,80.55
21,105,Univ of Nebraska - Lincoln,"$15,353",24.1,13,14,29,,80.08
22,135,Liberty Univ,"$19,928",20,14,13,33,,79.96
23,40,Univ of British Columbia,"$22,652",17.5,10,13,38,,78.5
24,8,Univ of Alabama - Tuscaloosa,"$24,098",16.2,13,15,34,,78.2
25,109,Univ of Southern California,"$27,505",13.1,14.5,15,35.5,,78.12
26,28,Univ of Colorado - Boulder,"$20,892",19.1,13.5,8,37.5,,78.09
27,117,Univ of North Dakota,"$19,104",20.7,7,15,35,,77.7
28,79,South Dakota School of Mines & Tech,"$22,665",17.5,10,14,36,,77.49
29,116,Univ of Texas - Dallas,"$19,649",20.2,11,11,35,,77.21
30,133,Mississippi State Univ,"$19,398",20.4,11,11,34,,76.44
31,121,Wayne State Univ,"$19,538",20.3,11,12,33,,76.31
32,140,Colorado School of Mines,"$22,937",17.2,10,13,36,,76.24
33,87,Michigan Tech Univ,"$18,285",21.4,15,15,24.5,,75.94
34,64,Villanova Univ,"$19,045",20.8,12,14,28,,74.75
35,89,Univ of Manitoba,"$18,175",21.5,13,15,25,,74.54
36,110,Univ of Saskatchewan,"$18,321",21.4,11,14,28,,74.41
37,30,Univ of Arizona,"$20,566",19.4,11,8,35,,73.38
38,15,Sacramento State Univ,"$20,699",19.3,15,11,27.5,,72.76
39,84,Minnesota State University - Mankato,"$16,302",23.2,12,15,22,,72.23
40,6,Purdue Univ - W Lafayette,"$27,682",13,15,7,37,,71.96
41,106,Arizona State Univ - Tempe,"$14,896",24.5,15,9,22.5,,71
42,66,Univ of South Florida,"$23,766",16.5,12,15,27,,70.5
43,26,Missouri University of Science and Tech,"$15,545",23.9,13,10,23,,69.91
44,44,Univ of North Florida,"$21,210",18.8,11,13,27,,69.8
45,42,South Dakota State Univ,"$16,080",23.4,13,15,18,,69.43
46,127,West Virginia Univ,"$22,876",17.3,10,12,30,,69.3
47,97,Universidad Panamericana Sede Guadalajar,"$13,958",25.3,10,10,23.5,,68.84
48,86,Lehigh Univ,"$14,779",24.6,13,15,16,,68.6
49,101,Hope College,"$15,463",24,13,9,22.5,,68.48
50,103,UP Aguascalientes,"$16,174",23.3,10,3,31,,67.34
51,68,Kettering Univ,"$20,832",19.1,11,1,36,,67.14
52,50,Univ of Guelph,"$17,547",22.1,11,5,29,,67.11
53,48,Embry-Riddle Aero Univ - Daytona Beach,"$22,050",18,5,9,35,,67.04
54,65,Lawrence Technological Univ,"$22,146",18,14,14,21,,66.96
55,107,University of Bologna,"$38,036",3.6,13,14,36,,66.62
56,115,Univ of Missouri,"$23,036",17.2,5,8,36,,66.15
57,90,Colorado State University,"$20,202",19.7,13,15,17,,64.71
58,81,California State Poly Univ - Pomona,"$30,624",10.3,10,9,35,,64.31
59,76,Univ of Wisconsin - Platteville,"$21,055",18.9,9,10,25.5,,63.44
60,23,Univ of Ottawa,"$23,087",17.1,14,10,22,,63.11
61,83,Vanderbilt Univ,"$17,853",21.8,8,,33,,62.83
62,32,Università degli studi di Modena e Reggio Emilia,"$42,052",,14,14,34,,62
63,128,North Carolina State Univ - Raleigh,"$20,050",19.8,15,13,14,,61.85
64,27,California State Univ - Fullerton,"$20,149",19.8,5,8,27,,59.76
65,72,Univ of Hartford,"$16,003",23.5,10,4,21,,58.5
66,120,Univ of Cincinnati,"$19,832",20,12,9,17,,58.04
67,114,Pellissippi State Community College,"$16,026",23.5,6,,28,,57.48
68,113,Clemson Univ,"$29,252",11.5,7,15,23.5,,57.05
69,31,Univ of Oklahoma,"$19,912",20,13,5,19,,56.97
70,122,Drexel Univ,"$19,992",19.9,12,1,23.5,,56.4
71,43,Universidad Autonoma Estado Mexico,"$13,169",26.1,11,4,15,,56.05
72,62,Oklahoma State Univ,"$17,208",22.4,12,6,15.5,,55.91
73,98,Tennessee Tech Univ,"$9,119",29.7,11.5,8,6,,55.21
74,46,Colorado Mesa University,"$18,586",21.2,9,10,13,,53.17
75,54,Univ of Calif - Irvine,"$25,627",14.8,7,15,16,,52.82
76,49,Univ of Delaware,"$18,197",21.5,11,2,15.5,,50.02
77,96,Grand Canyon University,"$13,040",26.2,4,,19,,49.17
78,55,Bradley Univ,"$14,833",24.6,5,1,18,,48.55
79,60,Syracuse Univ,"$16,338",23.2,13,,12,,48.2
80,71,Lakehead Univ,"$22,991",17.2,6,5,20,,48.19
81,134,Univ of Houston - Houston,"$20,308",19.6,3,2,23.5,,48.11
82,85,Univ of Michigan - Dearborn,"$22,349",17.8,9,6,15,,47.77
83,93,Univ of Massachusetts - Lowell,"$22,571",17.6,5,2,22,,46.57
84,24,Purdue Univ - Northwest,"$25,100",15.3,3,3,24.5,,45.79
85,45,Univ of Maine,"$13,811",25.5,3,,17,,45.48
86,35,Penn State Univ - Harrisburg,"$25,312",15.1,12,5,13,,45.1
87,39,Temple Univ,"$23,812",16.5,12,4,10,,42.45
88,67,Saginaw Valley State Univ,"$14,432",24.9,9.5,2,6,,42.41
89,78,Old Dominion Univ,"$21,847",18.2,1,,22,,41.23
90,130,Montana State Univ - Bozeman,"$35,438",6,7,7,20,,39.97
91,73,Trinity Univ,"$16,799",22.8,2,1,32.5,-20,38.28
92,34,US Naval Academy,"$18,408",21.3,8,,7,,36.33
93,33,Univ of New Hampshire,"$16,087",23.4,6,,5,,34.42
94,75,California State Univ - Chico,"$19,979",19.9,3,,11,,33.91
95,25,Southern Illinois Univ - Edwardville,"$39,949",1.9,8,,25,-10,24.9
96,131,Loyola Marymount Univ,"$17,366",22.3,1,,,,23.27
97,94,Northern Arizona Univ,"$8,795",30,3,,26,-40,19
98,74,York College of Pennsylvania,"$27,445",13.2,1,9,32,-40,15.18
99,139,Clarkson University,,,,,14,,14
100,22,New Jersey Institute of Technology,"$17,254",22.4,11,6,13,-40,12.37
101,57,Instituto Tecnologico de Estudios Superi,"$19,932",20,3,,27,-40,9.95
102,99,Univ of Rhode Island,,,1,1,5.5,,7.5
103,41,SUNY - Stony Brook,,,,,26,-20,6
104 T,36,Polytechnic Univ of Puerto Rico,"$10,111",,1,3,,-40,0.01
104 T,63,Univ of Texas - San Antonio,"$17,933",21.8,2,,2.5,-40,0.01
104 T,82,Virginia Commonwealth Univ,"$18,355",21.4,3,,,-40,0.01
104 T,104,ITESM - Campus Cuernavaca,"$33,312",7.9,1,,20,-40,0.01
104 T,108,Benedictine College,,,,,20,-40,0.01
104 T,119,Universidad Autonoma de Baja California,"$25,323",15.1,,,,-20,0.01
,9,Univ of Texas - Arlington,,,,,,,
,12,Univ of Colorado - Colorado Springs,,,,,,,
,17,US Air Force Academy,,,,,,,
,19,York University,,,,,,,
,21,Valparaiso University,,,,,,,
,37,Grand Valley State Univ,,,,,,,
,38,George Mason Univ,,,,,,,
,47,Univ of Toledo,,,,,,,
,52,Texas State University,,,,,,,
,53,Southern Illinois Univ at Carbondale,,,,,,,
,56,Alabama A & M Univ,,,,,,,
,58,Univ of Illinois - Chicago,,,,,,,
,59,San Francisco State Univ,,,,,,,
,69,Univ of Minnesota - Duluth,,,,,,,
,70,Wichita State Univ,,,,,,,
,77,Florida Atlantic Univ,,,,,,,
,80,Oregon Inst of Tech,,,,,,,
,95,Oral Roberts University,,,,,,,
,123,IPN Esime Zacatenco,,,,,,,
,129,Texas A&M International University,,,,,,,
,136,Univ of Massachusetts - Amherst,,,,,,,
,138,Florida International Univ,,,,,,,
