Place,CarNum,Team,DocumentPenalty,RawScore,LatePenalty,Status,Score
1,1,Universidad Politecnica de Valencia,,150,,Final,150
2,32,Università degli studi di Modena e Reggio Emilia,,131,,Final,131
3,6,Purdue Univ - W Lafayette,,126,,Final,126
4,11,Escola de Engenharia de Sao Carlos,,122,,Final,122
5,109,Univ of Southern California,,116,,Final,116
6,8,Univ of Alabama - Tuscaloosa,,114,,Final,114
7,10,Univ of North Carolina - Charlotte,,113,,Final,113
8,3,Georgia Institute of Technology,,112,,Final,112
9 T,2,Texas A&M Univ,,111,,Final,111
9 T,128,North Carolina State Univ - Raleigh,,111,,Final,111
11,111,Univ of Maryland - College Park,,109,,Final,109
12,4,Kansas State Univ,,105,,Final,105
13 T,14,Virginia Tech,,100,,,100
13 T,66,Univ of South Florida,,100,,,100
13 T,91,California State Univ - Northridge,,100,,,100
13 T,102,Duke Univ,,100,,,100
13 T,106,Arizona State Univ - Tempe,,100,,,100
13 T,115,Univ of Missouri,,100,,,100
13 T,125,Washington Univ - St Louis,,100,,,100
13 T,140,Colorado School of Mines,,100,,,100
21 T,20,Brown Univ,,80,,,80
21 T,23,Univ of Ottawa,,80,,,80
21 T,29,Oakland University,,80,,,80
21 T,30,Univ of Arizona,,80,,,80
21 T,40,Univ of British Columbia,,80,,,80
21 T,42,South Dakota State Univ,,80,,,80
21 T,48,Embry-Riddle Aero Univ - Daytona Beach,,80,,,80
21 T,61,Univ of Connecticut,,80,,,80
21 T,64,Villanova Univ,,80,,,80
21 T,76,Univ of Wisconsin - Platteville,,80,,,80
21 T,81,California State Poly Univ - Pomona,,80,,,80
21 T,87,Michigan Tech Univ,,80,,,80
21 T,88,Univ of Texas - Austin,,80,,,80
21 T,90,Colorado State University,,80,,,80
21 T,105,Univ of Nebraska - Lincoln,,80,,,80
21 T,107,University of Bologna,,80,,,80
21 T,118,Univ of Calif - Berkeley,,80,,,80
21 T,120,Univ of Cincinnati,,80,,,80
21 T,121,Wayne State Univ,,80,,,80
21 T,127,West Virginia Univ,,80,,,80
21 T,135,Liberty Univ,,80,,,80
42,26,Missouri University of Science and Tech,10,80,,,70
43 T,15,Sacramento State Univ,,60,,,60
43 T,18,Univ of Georgia,,60,,,60
43 T,28,Univ of Colorado - Boulder,,60,,,60
43 T,39,Temple Univ,,60,,,60
43 T,51,Univ of Central Florida,,60,,,60
43 T,54,Univ of Calif - Irvine,,60,,,60
43 T,62,Oklahoma State Univ,,60,,,60
43 T,68,Kettering Univ,,60,,,60
43 T,72,Univ of Hartford,,60,,,60
43 T,79,South Dakota School of Mines & Tech,,60,,,60
43 T,84,Minnesota State University - Mankato,,60,,,60
43 T,85,Univ of Michigan - Dearborn,,60,,,60
43 T,86,Lehigh Univ,,60,,,60
43 T,89,Univ of Manitoba,,60,,,60
43 T,92,Washington State Univ,,60,,,60
43 T,101,Hope College,,60,,,60
43 T,110,Univ of Saskatchewan,,60,,,60
43 T,113,Clemson Univ,,60,,,60
43 T,133,Mississippi State Univ,,60,,,60
62,114,Pellissippi State Community College,5,60,,,55
63,49,Univ of Delaware,10,60,,,50
64 T,22,New Jersey Institute of Technology,,40,,,40
64 T,24,Purdue Univ - Northwest,,40,,,40
64 T,25,Southern Illinois Univ - Edwardville,,40,,,40
64 T,27,California State Univ - Fullerton,,40,,,40
64 T,31,Univ of Oklahoma,,40,,,40
64 T,34,US Naval Academy,,40,,,40
64 T,35,Penn State Univ - Harrisburg,,40,,,40
64 T,44,Univ of North Florida,,60,20,,40
64 T,50,Univ of Guelph,,40,,,40
64 T,55,Bradley Univ,,40,,,40
64 T,60,Syracuse Univ,,40,,,40
64 T,65,Lawrence Technological Univ,,40,,,40
64 T,71,Lakehead Univ,,40,,,40
64 T,74,York College of Pennsylvania,,40,,,40
64 T,93,Univ of Massachusetts - Lowell,,40,,,40
64 T,97,Universidad Panamericana Sede Guadalajar,,40,,,40
64 T,98,Tennessee Tech Univ,,40,,,40
64 T,100,Univ of Kentucky,,40,,,40
64 T,116,Univ of Texas - Dallas,,40,,,40
64 T,122,Drexel Univ,,40,,,40
64 T,130,Montana State Univ - Bozeman,,40,,,40
64 T,134,Univ of Houston - Houston,,40,,,40
86 T,46,Colorado Mesa University,5,40,,,35
86 T,67,Saginaw Valley State Univ,5,40,,,35
86 T,96,Grand Canyon University,5,40,,,35
89 T,45,Univ of Maine,,20,,,20
89 T,52,Texas State University,,20,,,20
89 T,63,Univ of Texas - San Antonio,,20,,,20
89 T,73,Trinity Univ,,20,,,20
89 T,75,California State Univ - Chico,,20,,,20
89 T,78,Old Dominion Univ,,20,,,20
89 T,83,Vanderbilt Univ,,20,,,20
89 T,117,Univ of North Dakota,,40,20,,20
97 T,36,Polytechnic Univ of Puerto Rico,5,20,,,15
97 T,43,Universidad Autonoma Estado Mexico,5,20,,,15
97 T,82,Virginia Commonwealth Univ,5,20,,,15
97 T,131,Loyola Marymount Univ,5,20,,,15
101 T,57,Instituto Tecnologico de Estudios Superi,,10,,,10
101 T,99,Univ of Rhode Island,,10,,,10
101 T,104,ITESM - Campus Cuernavaca,,10,,,10
104 T,33,Univ of New Hampshire,5,10,,,5
104 T,41,SUNY - Stony Brook,,10,40,,5
104 T,94,Northern Arizona Univ,,20,40,,5
104 T,103,UP Aguascalientes,5,10,,,5
104 T,108,Benedictine College,5,20,40,,5
,9,Univ of Texas - Arlington,,,,,
,12,Univ of Colorado - Colorado Springs,,,,,
,17,US Air Force Academy,,,,,
,19,York University,,,,,
,21,Valparaiso University,,,,,
,37,Grand Valley State Univ,,,,,
,38,George Mason Univ,,,,,
,47,Univ of Toledo,,,,,
,53,Southern Illinois Univ at Carbondale,,,,,
,56,Alabama A & M Univ,,,,,
,58,Univ of Illinois - Chicago,,,,,
,59,San Francisco State Univ,,,,,
,69,Univ of Minnesota - Duluth,,,,,
,70,Wichita State Univ,,,,,
,77,Florida Atlantic Univ,,,,,
,80,Oregon Inst of Tech,,,,,
,95,Oral Roberts University,,,,,
,119,Universidad Autonoma de Baja California,,,,,
,123,IPN Esime Zacatenco,,,,,
,129,Texas A&M International University,,,,,
,136,Univ of Massachusetts - Amherst,,,,,
,138,Florida International Univ,,,,,
,139,Clarkson University,,,,,
