Team,CarNum,Lap1,Lap2,Lap3,Lap4,Lap5,Lap6,Lap7,Lap8,Lap9,Lap10
Universidad Politecnica de Valencia,1,141.338,140.664,136.935,135.171,137.558,145.811,143.226,143.858,144.025,142.258
Texas A&M Univ,2,171.454,146.577,144.794,143.085,182.451,144.457,140.967,139.637,145.633,154.021
Georgia Institute of Technology,3,152.260,146.825,148.848,147.763,145.113,146.303,142.932,148.330,143.445,140.072
Kansas State Univ,4,146.344,142.964,142.294,143.178,144.060,143.923,145.743,140.937,140.215,142.446
Purdue Univ - W Lafayette,6,145.168,139.802,139.315,137.212,137.059,148.618,142.446,141.696,141.891,141.360
Univ of Alabama - Tuscaloosa,8,151.106,143.963,142.289,162.558,142.346,144.194,154.505,146.419,145.030,143.242
Univ of North Carolina - Charlotte,10,146.825,157.677
Escola de Engenharia de Sao Carlos,11,168.430,163.683,146.425,144.475,144.486,188.759,157.797,155.673,154.539,149.378
Virginia Tech,14,169.498,155.442,162.123,166.567,164.258,158.527,156.583,160.521,162.110,160.267
Sacramento State Univ,15,166.029,156.292,159.420,158.639,168.745
Univ of Georgia,18,198.093,188.028,196.922,185.870,184.623,193.089,191.623,186.173,180.873,191.965
Brown Univ,20,170.858,178.987,165.482,161.150,157.661
New Jersey Institute of Technology,22,252.383,211.728,235.647,217.663
Univ of Ottawa,23,163.178,164.528,207.102,155.958
Southern Illinois Univ - Edwardville,25,220.775,202.470,213.823,222.084,207.185,235.864
Univ of Colorado - Boulder,28,318.295,163.348,159.522,158.583,157.064,182.759,182.107,183.245,188.536,187.134
Oakland University,29,191.598
Univ of Arizona,30,184.146,182.841,180.969,193.863,186.093,245.269,265.103
Univ of Oklahoma,31,202.336,191.912,184.052,195.137,207.120,220.635,182.602,200.911
Università degli studi di Modena e Reggio Emilia,32,141.922,158.144,141.312,141.075,142.594,145.317,145.449,142.899,142.979,142.251
US Naval Academy,34,207.897,190.943,206.111,189.577,190.405,213.082,201.055,194.016,191.179,204.742
Polytechnic Univ of Puerto Rico,36,197.919,178.130,181.707,212.773,235.715,225.706,217.772,227.981,297.385,256.712
Temple Univ,39,171.999,172.018,171.717,172.760,170.828,260.106
Univ of British Columbia,40,187.498,166.957,169.295,164.221,180.180,185.638,180.009,183.954,185.509,199.173
South Dakota State Univ,42,206.478,182.840,178.315,184.064,182.154,175.702,157.880,161.932,167.201,152.511
Univ of North Florida,44,189.533,173.762,181.198,178.848,168.331
Univ of Maine,45,181.950,179.072,171.909,177.665,221.311,191.894,204.402,215.553
Colorado Mesa University,46,208.350,187.140,189.145,192.435,223.109,193.799,202.777,178.060,179.440,199.978
Embry-Riddle Aero Univ - Daytona Beach,48,164.215,155.281,150.823,152.751,150.494,148.122,147.847,147.942,151.931
Univ of Delaware,49,213.591,213.603,194.258,208.995,196.261,206.391,191.523,195.521,211.881,206.513
Univ of Central Florida,51,219.329,214.166
Univ of Calif - Irvine,54,204.899,178.244,172.192,180.674,174.877
Syracuse Univ,60,274.472,248.106,230.880
Univ of Connecticut,61,147.699,143.452,143.414,143.111,143.863,139.481,138.246,139.978,139.836,139.773
Oklahoma State Univ,62,187.761,217.358,224.280,203.475,227.103
Lawrence Technological Univ,65,182.454,182.460,190.012,207.469,214.790,262.656,245.983,270.149,214.308,285.058
Univ of South Florida,66,175.392,159.379,162.905,168.730,154.501,161.255,207.186,165.677,163.087,160.890
Saginaw Valley State Univ,67,182.148,197.802,191.329,183.052,182.904,198.569,207.330,202.928,195.530,196.734
Kettering Univ,68,284.385,198.756,189.900,197.711,191.219,283.301,175.134,177.691,173.322,172.672
Univ of Hartford,72,200.682,188.684,186.882,233.316,184.144
California State Univ - Chico,75,191.254,216.426
Univ of Wisconsin - Platteville,76,158.509,155.292,154.787,155.557,157.804,148.076,147.445,147.939,159.178,155.120
South Dakota School of Mines & Tech,79,254.124,205.786,226.004,316.923,213.050
California State Poly Univ - Pomona,81,177.855,166.837,166.973,170.643,174.590,161.571,162.566,182.961,158.995,163.887
Vanderbilt Univ,83,191.054,180.697,181.193,177.965,176.752,230.324
Minnesota State University - Mankato,84,167.663,162.939
Lehigh Univ,86,212.834,240.961,179.944,171.989,179.746
Michigan Tech Univ,87,163.602,164.689,159.355,162.186,158.984,145.333,151.195,150.672,149.547,153.159
Univ of Texas - Austin,88,179.479,159.151,164.093,166.427,154.814,172.091,163.030,168.939,166.870,169.773
Univ of Manitoba,89,169.627,164.622,172.577,180.221,170.015,172.069,161.654,161.574,161.083,161.110
Colorado State University,90,176.338,173.231,183.425,191.345,197.111,176.379,170.169,174.651,172.766,173.975
California State Univ - Northridge,91,174.897,164.544,159.502,178.823,154.290,170.739,215.425,164.882,170.460,171.268
Washington State Univ,92,182.018,211.136,171.694,163.663,163.908,195.907,182.674,174.017,172.673,173.861
Northern Arizona Univ,94,212.172,199.651,197.616,228.971,264.642
Tennessee Tech Univ,98,230.121,266.982,283.507,287.042,305.617,599.529
Univ of Kentucky,100,183.168,187.179,212.902,210.024,206.613
Hope College,101,180.238,172.984,179.208,169.694,166.478,166.077,159.938,158.213,154.893,153.331
Duke Univ,102,165.129,157.300,163.864,168.442,165.155,291.077,373.086
Univ of Nebraska - Lincoln,105,161.626,157.999,152.107,166.316,149.360,146.976
Arizona State Univ - Tempe,106,152.441
University of Bologna,107,200.778,154.922,148.305,149.254,147.095,152.109,149.783,151.380,152.770,149.645
Univ of Southern California,109,151.978,150.878,150.696,150.320,155.003,152.286,146.765,143.693,148.629,149.801
Univ of Saskatchewan,110,206.076,220.707,193.511,198.029,189.009
Univ of Maryland - College Park,111,157.274,157.977,157.174,157.809,161.189,155.355,154.217,167.747,155.856,153.170
Clemson Univ,113,187.892,177.660,170.823,166.175,166.566
Pellissippi State Community College,114,212.084,219.184,191.728,205.985,198.135,192.031,224.906,176.888,169.342,168.876
Univ of Missouri,115,148.173,147.384,144.686,147.411,145.227,208.737,151.760,156.074,155.460,173.929
Univ of Calif - Berkeley,118,160.992,154.486,153.460,148.500,148.612,156.514,158.933,151.420,150.136,152.493
Univ of Cincinnati,120,172.533,166.783,170.272,175.790,170.541,156.645,178.993,159.089,157.513,160.353
Wayne State Univ,121,175.637,165.322,161.656,161.191,167.690,175.604,174.270,182.518,162.579,192.942
Drexel Univ,122,210.007,202.135,207.073,202.733,199.646,203.697,198.415,171.127,171.969,180.000
Washington Univ - St Louis,125,207.098,197.342,192.055,189.396,192.191,181.790,179.431,181.099,179.736,193.407
West Virginia Univ,127,233.685,442.995,195.304,188.165,190.436,196.265,184.988,190.960,189.894,193.005
North Carolina State Univ - Raleigh,128,152.058,142.416,141.285,142.354,141.694,156.748,153.040,159.678,154.690
Liberty Univ,135,210.241,184.822,193.938,184.807,223.050,165.478,168.258
Colorado School of Mines,140,151.835,147.291,147.607,146.619,145.657,153.288,148.182,147.364,148.244,173.866
